<?xml version="1.0" encoding="UTF-8"?>
<GenRun Id="synth_1" LaunchPart="xc7a100tcsg324-1" LaunchTime="1724848278" LaunchIncrCheckpoint="$PSRCDIR/utils_1/imports/synth_1/processor.dcp">
  <File Type="PA-TCL" Name="processor.tcl"/>
  <File Type="REPORTS-TCL" Name="processor_reports.tcl"/>
  <File Type="RDS-RDS" Name="processor.vds"/>
  <File Type="RDS-UTIL" Name="RISC_utilization_synth.rpt"/>
  <File Type="RDS-UTIL-PB" Name="RISC_utilization_synth.pb"/>
  <File Type="RDS-DCP" Name="processor.dcp"/>
  <FileSet Name="sources" Type="DesignSrcs" RelSrcDir="$PSRCDIR/sources_1" RelGenDir="$PGENDIR/sources_1">
    <Filter Type="Srcs"/>
    <File Path="$PSRCDIR/sources_1/imports/new/csr_data_mux_unit.v">
      <FileInfo>
        <Attr Name="ImportPath" Val="$PPRDIR/../Desktop/risc_zip/new/csr_data_mux_unit.v"/>
        <Attr Name="ImportTime" Val="1724843307"/>
        <Attr Name="UsedIn" Val="synthesis"/>
        <Attr Name="UsedIn" Val="implementation"/>
        <Attr Name="UsedIn" Val="simulation"/>
      </FileInfo>
    </File>
    <File Path="$PSRCDIR/sources_1/imports/new/data_wr_mux_unit.v">
      <FileInfo>
        <Attr Name="ImportPath" Val="$PPRDIR/../Desktop/risc_zip/new/data_wr_mux_unit.v"/>
        <Attr Name="ImportTime" Val="1724843307"/>
        <Attr Name="UsedIn" Val="synthesis"/>
        <Attr Name="UsedIn" Val="implementation"/>
        <Attr Name="UsedIn" Val="simulation"/>
      </FileInfo>
    </File>
    <File Path="$PSRCDIR/sources_1/new/machine_c.v">
      <FileInfo>
        <Attr Name="UsedIn" Val="synthesis"/>
        <Attr Name="UsedIn" Val="implementation"/>
        <Attr Name="UsedIn" Val="simulation"/>
      </FileInfo>
    </File>
    <File Path="$PSRCDIR/sources_1/imports/new/machine_counter.v">
      <FileInfo>
        <Attr Name="ImportPath" Val="$PPRDIR/../Desktop/risc_zip/new/machine_counter.v"/>
        <Attr Name="ImportTime" Val="1724843307"/>
        <Attr Name="UsedIn" Val="synthesis"/>
        <Attr Name="UsedIn" Val="implementation"/>
        <Attr Name="UsedIn" Val="simulation"/>
      </FileInfo>
    </File>
    <File Path="$PSRCDIR/sources_1/imports/new/machine_counter_setup.v">
      <FileInfo>
        <Attr Name="ImportPath" Val="$PPRDIR/../Desktop/risc_zip/new/machine_counter_setup.v"/>
        <Attr Name="ImportTime" Val="1724843307"/>
        <Attr Name="UsedIn" Val="synthesis"/>
        <Attr Name="UsedIn" Val="implementation"/>
        <Attr Name="UsedIn" Val="simulation"/>
      </FileInfo>
    </File>
    <File Path="$PSRCDIR/sources_1/imports/new/mcause_reg.v">
      <FileInfo>
        <Attr Name="ImportPath" Val="$PPRDIR/../Desktop/risc_zip/new/mcause_reg.v"/>
        <Attr Name="ImportTime" Val="1724843307"/>
        <Attr Name="UsedIn" Val="synthesis"/>
        <Attr Name="UsedIn" Val="implementation"/>
        <Attr Name="UsedIn" Val="simulation"/>
      </FileInfo>
    </File>
    <File Path="$PSRCDIR/sources_1/imports/new/mepc_and_mscratch_reg.v">
      <FileInfo>
        <Attr Name="ImportPath" Val="$PPRDIR/../Desktop/risc_zip/new/mepc_and_mscratch_reg.v"/>
        <Attr Name="ImportTime" Val="1724843307"/>
        <Attr Name="UsedIn" Val="synthesis"/>
        <Attr Name="UsedIn" Val="implementation"/>
        <Attr Name="UsedIn" Val="simulation"/>
      </FileInfo>
    </File>
    <File Path="$PSRCDIR/sources_1/imports/new/mie_reg.v">
      <FileInfo>
        <Attr Name="ImportPath" Val="$PPRDIR/../Desktop/risc_zip/new/mie_reg.v"/>
        <Attr Name="ImportTime" Val="1724843307"/>
        <Attr Name="UsedIn" Val="synthesis"/>
        <Attr Name="UsedIn" Val="implementation"/>
        <Attr Name="UsedIn" Val="simulation"/>
      </FileInfo>
    </File>
    <File Path="$PSRCDIR/sources_1/imports/new/mip_reg.v">
      <FileInfo>
        <Attr Name="ImportPath" Val="$PPRDIR/../Desktop/risc_zip/new/mip_reg.v"/>
        <Attr Name="ImportTime" Val="1724843307"/>
        <Attr Name="UsedIn" Val="synthesis"/>
        <Attr Name="UsedIn" Val="implementation"/>
        <Attr Name="UsedIn" Val="simulation"/>
      </FileInfo>
    </File>
    <File Path="$PSRCDIR/sources_1/imports/new/misa_and_pre_data.v">
      <FileInfo>
        <Attr Name="ImportPath" Val="$PPRDIR/../Desktop/risc_zip/new/misa_and_pre_data.v"/>
        <Attr Name="ImportTime" Val="1724843307"/>
        <Attr Name="UsedIn" Val="synthesis"/>
        <Attr Name="UsedIn" Val="implementation"/>
        <Attr Name="UsedIn" Val="simulation"/>
      </FileInfo>
    </File>
    <File Path="$PSRCDIR/sources_1/imports/new/msrv32_alu.v">
      <FileInfo>
        <Attr Name="ImportPath" Val="$PPRDIR/../Desktop/risc_zip/new/msrv32_alu.v"/>
        <Attr Name="ImportTime" Val="1724843307"/>
        <Attr Name="UsedIn" Val="synthesis"/>
        <Attr Name="UsedIn" Val="implementation"/>
        <Attr Name="UsedIn" Val="simulation"/>
      </FileInfo>
    </File>
    <File Path="$PSRCDIR/sources_1/imports/new/msrv32_csr__file.v">
      <FileInfo>
        <Attr Name="ImportPath" Val="$PPRDIR/../Desktop/risc_zip/new/msrv32_csr__file.v"/>
        <Attr Name="ImportTime" Val="1724843307"/>
        <Attr Name="UsedIn" Val="synthesis"/>
        <Attr Name="UsedIn" Val="implementation"/>
        <Attr Name="UsedIn" Val="simulation"/>
      </FileInfo>
    </File>
    <File Path="$PSRCDIR/sources_1/imports/new/msrv32_load_unit.v">
      <FileInfo>
        <Attr Name="ImportPath" Val="$PPRDIR/../Desktop/risc_zip/new/msrv32_load_unit.v"/>
        <Attr Name="ImportTime" Val="1724843307"/>
        <Attr Name="UsedIn" Val="synthesis"/>
        <Attr Name="UsedIn" Val="implementation"/>
        <Attr Name="UsedIn" Val="simulation"/>
      </FileInfo>
    </File>
    <File Path="$PSRCDIR/sources_1/imports/new/msrv32_reg_block2.v">
      <FileInfo>
        <Attr Name="ImportPath" Val="$PPRDIR/../Desktop/risc_zip/new/msrv32_reg_block2.v"/>
        <Attr Name="ImportTime" Val="1724843307"/>
        <Attr Name="UsedIn" Val="synthesis"/>
        <Attr Name="UsedIn" Val="implementation"/>
        <Attr Name="UsedIn" Val="simulation"/>
      </FileInfo>
    </File>
    <File Path="$PSRCDIR/sources_1/imports/new/msrv32_store_unit.v">
      <FileInfo>
        <Attr Name="ImportPath" Val="$PPRDIR/../Desktop/risc_zip/new/msrv32_store_unit.v"/>
        <Attr Name="ImportTime" Val="1724843307"/>
        <Attr Name="UsedIn" Val="synthesis"/>
        <Attr Name="UsedIn" Val="implementation"/>
        <Attr Name="UsedIn" Val="simulation"/>
      </FileInfo>
    </File>
    <File Path="$PSRCDIR/sources_1/imports/new/msrv32_wb_mux_sel_unit.v">
      <FileInfo>
        <Attr Name="ImportPath" Val="$PPRDIR/../Desktop/risc_zip/new/msrv32_wb_mux_sel_unit.v"/>
        <Attr Name="ImportTime" Val="1724843307"/>
        <Attr Name="UsedIn" Val="synthesis"/>
        <Attr Name="UsedIn" Val="implementation"/>
        <Attr Name="UsedIn" Val="simulation"/>
      </FileInfo>
    </File>
    <File Path="$PSRCDIR/sources_1/imports/new/mstatus_reg.v">
      <FileInfo>
        <Attr Name="ImportPath" Val="$PPRDIR/../Desktop/risc_zip/new/mstatus_reg.v"/>
        <Attr Name="ImportTime" Val="1724843307"/>
        <Attr Name="UsedIn" Val="synthesis"/>
        <Attr Name="UsedIn" Val="implementation"/>
        <Attr Name="UsedIn" Val="simulation"/>
      </FileInfo>
    </File>
    <File Path="$PSRCDIR/sources_1/imports/new/mtval_reg.v">
      <FileInfo>
        <Attr Name="ImportPath" Val="$PPRDIR/../Desktop/risc_zip/new/mtval_reg.v"/>
        <Attr Name="ImportTime" Val="1724843307"/>
        <Attr Name="UsedIn" Val="synthesis"/>
        <Attr Name="UsedIn" Val="implementation"/>
        <Attr Name="UsedIn" Val="simulation"/>
      </FileInfo>
    </File>
    <File Path="$PSRCDIR/sources_1/imports/new/mtvec_reg.v">
      <FileInfo>
        <Attr Name="ImportPath" Val="$PPRDIR/../Desktop/risc_zip/new/mtvec_reg.v"/>
        <Attr Name="ImportTime" Val="1724843307"/>
        <Attr Name="UsedIn" Val="synthesis"/>
        <Attr Name="UsedIn" Val="implementation"/>
        <Attr Name="UsedIn" Val="simulation"/>
      </FileInfo>
    </File>
    <File Path="$PSRCDIR/sources_1/imports/new/rv32_branch_unit.v">
      <FileInfo>
        <Attr Name="ImportPath" Val="$PPRDIR/../Desktop/risc_zip/new/rv32_branch_unit.v"/>
        <Attr Name="ImportTime" Val="1724843307"/>
        <Attr Name="UsedIn" Val="synthesis"/>
        <Attr Name="UsedIn" Val="implementation"/>
        <Attr Name="UsedIn" Val="simulation"/>
      </FileInfo>
    </File>
    <File Path="$PSRCDIR/sources_1/imports/new/rv32_decoder.v">
      <FileInfo>
        <Attr Name="ImportPath" Val="$PPRDIR/../Desktop/risc_zip/new/rv32_decoder.v"/>
        <Attr Name="ImportTime" Val="1724843307"/>
        <Attr Name="UsedIn" Val="synthesis"/>
        <Attr Name="UsedIn" Val="implementation"/>
        <Attr Name="UsedIn" Val="simulation"/>
      </FileInfo>
    </File>
    <File Path="$PSRCDIR/sources_1/imports/new/rv32_imm_generator.v">
      <FileInfo>
        <Attr Name="ImportPath" Val="$PPRDIR/../Desktop/risc_zip/new/rv32_imm_generator.v"/>
        <Attr Name="ImportTime" Val="1724843307"/>
        <Attr Name="UsedIn" Val="synthesis"/>
        <Attr Name="UsedIn" Val="implementation"/>
        <Attr Name="UsedIn" Val="simulation"/>
      </FileInfo>
    </File>
    <File Path="$PSRCDIR/sources_1/imports/new/rv32_immediate_adder.v">
      <FileInfo>
        <Attr Name="ImportPath" Val="$PPRDIR/../Desktop/risc_zip/new/rv32_immediate_adder.v"/>
        <Attr Name="ImportTime" Val="1724843307"/>
        <Attr Name="UsedIn" Val="synthesis"/>
        <Attr Name="UsedIn" Val="implementation"/>
        <Attr Name="UsedIn" Val="simulation"/>
      </FileInfo>
    </File>
    <File Path="$PSRCDIR/sources_1/imports/new/rv32_instruction_mux.v">
      <FileInfo>
        <Attr Name="ImportPath" Val="$PPRDIR/../Desktop/risc_zip/new/rv32_instruction_mux.v"/>
        <Attr Name="ImportTime" Val="1724843307"/>
        <Attr Name="UsedIn" Val="synthesis"/>
        <Attr Name="UsedIn" Val="implementation"/>
        <Attr Name="UsedIn" Val="simulation"/>
      </FileInfo>
    </File>
    <File Path="$PSRCDIR/sources_1/imports/new/rv32_integer_file.v">
      <FileInfo>
        <Attr Name="ImportPath" Val="$PPRDIR/../Desktop/risc_zip/new/rv32_integer_file.v"/>
        <Attr Name="ImportTime" Val="1724843307"/>
        <Attr Name="UsedIn" Val="synthesis"/>
        <Attr Name="UsedIn" Val="implementation"/>
        <Attr Name="UsedIn" Val="simulation"/>
      </FileInfo>
    </File>
    <File Path="$PSRCDIR/sources_1/imports/new/rv32_reg_block_1.v">
      <FileInfo>
        <Attr Name="ImportPath" Val="$PPRDIR/../Desktop/risc_zip/new/rv32_reg_block_1.v"/>
        <Attr Name="ImportTime" Val="1724843307"/>
        <Attr Name="UsedIn" Val="synthesis"/>
        <Attr Name="UsedIn" Val="implementation"/>
        <Attr Name="UsedIn" Val="simulation"/>
      </FileInfo>
    </File>
    <File Path="$PSRCDIR/sources_1/imports/new/rv32_wr_en_generator.v">
      <FileInfo>
        <Attr Name="ImportPath" Val="$PPRDIR/../Desktop/risc_zip/new/rv32_wr_en_generator.v"/>
        <Attr Name="ImportTime" Val="1724843307"/>
        <Attr Name="UsedIn" Val="synthesis"/>
        <Attr Name="UsedIn" Val="implementation"/>
        <Attr Name="UsedIn" Val="simulation"/>
      </FileInfo>
    </File>
    <File Path="$PSRCDIR/sources_1/imports/new/rv_32pc.v">
      <FileInfo>
        <Attr Name="ImportPath" Val="$PPRDIR/../Desktop/risc_zip/new/rv_32pc.v"/>
        <Attr Name="ImportTime" Val="1724843307"/>
        <Attr Name="UsedIn" Val="synthesis"/>
        <Attr Name="UsedIn" Val="implementation"/>
        <Attr Name="UsedIn" Val="simulation"/>
      </FileInfo>
    </File>
    <File Path="$PSRCDIR/sources_1/imports/new/processor.v">
      <FileInfo>
        <Attr Name="ImportPath" Val="$PPRDIR/../Desktop/risc_zip/new/processor.v"/>
        <Attr Name="ImportTime" Val="1724843307"/>
        <Attr Name="UsedIn" Val="synthesis"/>
        <Attr Name="UsedIn" Val="implementation"/>
        <Attr Name="UsedIn" Val="simulation"/>
      </FileInfo>
    </File>
    <File Path="$PSRCDIR/sources_1/imports/new/msrv32_machine_control.v">
      <FileInfo>
        <Attr Name="AutoDisabled" Val="1"/>
        <Attr Name="ImportPath" Val="$PPRDIR/../Desktop/risc_zip/new/msrv32_machine_control.v"/>
        <Attr Name="ImportTime" Val="1724843307"/>
        <Attr Name="UsedIn" Val="synthesis"/>
        <Attr Name="UsedIn" Val="implementation"/>
        <Attr Name="UsedIn" Val="simulation"/>
      </FileInfo>
    </File>
    <Config>
      <Option Name="DesignMode" Val="RTL"/>
      <Option Name="TopModule" Val="processor"/>
    </Config>
  </FileSet>
  <FileSet Name="constrs_in" Type="Constrs" RelSrcDir="$PSRCDIR/constrs_1" RelGenDir="$PGENDIR/constrs_1">
    <Filter Type="Constrs"/>
    <Config>
      <Option Name="ConstrsType" Val="XDC"/>
    </Config>
  </FileSet>
  <FileSet Name="utils" Type="Utils" RelSrcDir="$PSRCDIR/utils_1" RelGenDir="$PGENDIR/utils_1">
    <Filter Type="Utils"/>
    <File Path="$PSRCDIR/utils_1/imports/synth_1/processor.dcp">
      <FileInfo>
        <Attr Name="UsedIn" Val="synthesis"/>
        <Attr Name="UsedIn" Val="implementation"/>
        <Attr Name="UsedInSteps" Val="synth_1"/>
        <Attr Name="AutoDcp" Val="1"/>
      </FileInfo>
    </File>
    <Config>
      <Option Name="TopAutoSet" Val="TRUE"/>
    </Config>
  </FileSet>
  <Strategy Version="1" Minor="2">
    <StratHandle Name="Vivado Synthesis Defaults" Flow="Vivado Synthesis 2023"/>
    <Step Id="synth_design"/>
  </Strategy>
</GenRun>
