<?xml version="1.0" encoding="UTF-8"?>
<GenRun Id="impl_1" LaunchPart="xc7a100tcsg324-1" LaunchTime="1724848599">
  <File Type="ROUTE-PWR" Name="RISC_power_routed.rpt"/>
  <File Type="PA-TCL" Name="processor.tcl"/>
  <File Type="ROUTE-PWR-SUM" Name="RISC_power_summary_routed.pb"/>
  <File Type="REPORTS-TCL" Name="processor_reports.tcl"/>
  <File Type="BITSTR-MSK" Name="processor.msk"/>
  <File Type="ROUTE-CLK" Name="RISC_clock_utilization_routed.rpt"/>
  <File Type="RDI-RDI" Name="processor.vdi"/>
  <File Type="POSTROUTE-PHYSOPT-BUS-SKEW-PB" Name="RISC_bus_skew_postroute_physopted.pb"/>
  <File Type="BG-BIT" Name="processor.bit"/>
  <File Type="BG-DRC" Name="processor.drc"/>
  <File Type="BG-BGN" Name="processor.bgn"/>
  <File Type="BG-BIN" Name="processor.bin"/>
  <File Type="BITSTR-RBT" Name="processor.rbt"/>
  <File Type="BITSTR-NKY" Name="processor.nky"/>
  <File Type="BITSTR-BMM" Name="processor_bd.bmm"/>
  <File Type="BITSTR-MMI" Name="processor.mmi"/>
  <File Type="ROUTE-METHODOLOGY-DRC" Name="RISC_methodology_drc_routed.rpt"/>
  <File Type="BITSTR-SYSDEF" Name="processor.sysdef"/>
  <File Type="ROUTE-METHODOLOGY-DRC-PB" Name="RISC_methodology_drc_routed.pb"/>
  <File Type="BITSTR-LTX" Name="debug_nets.ltx"/>
  <File Type="BITSTR-LTX" Name="processor.ltx"/>
  <File Type="BOOT-PDI-FILE" Name="processor_boot.pdi"/>
  <File Type="WBT-USG" Name="usage_statistics_webtalk.html"/>
  <File Type="NPI_FILE" Name="processor.npi"/>
  <File Type="OPT-DRC" Name="RISC_drc_opted.rpt"/>
  <File Type="RBD_FILE" Name="processor.rbd"/>
  <File Type="OPT-HWDEF" Name="processor.hwdef"/>
  <File Type="PLACE-IO" Name="RISC_io_placed.rpt"/>
  <File Type="PLACE-UTIL" Name="RISC_utilization_placed.rpt"/>
  <File Type="PLACE-UTIL-PB" Name="RISC_utilization_placed.pb"/>
  <File Type="PLACE-CTRL" Name="RISC_control_sets_placed.rpt"/>
  <File Type="PLACE-PRE-SIMILARITY" Name="processor_incremental_reuse_pre_placed.rpt"/>
  <File Type="ROUTE-DRC" Name="RISC_drc_routed.rpt"/>
  <File Type="ROUTE-DRC-PB" Name="RISC_drc_routed.pb"/>
  <File Type="ROUTE-PWR-RPX" Name="RISC_power_routed.rpx"/>
  <File Type="ROUTE-STATUS" Name="RISC_route_status.rpt"/>
  <File Type="ROUTE-STATUS-PB" Name="RISC_route_status.pb"/>
  <File Type="ROUTE-DCP" Name="processor_routed.dcp"/>
  <File Type="ROUTE-ERROR-DCP" Name="processor_routed_error.dcp"/>
  <File Type="ROUTE-BLACKBOX-DCP" Name="processor_routed_bb.dcp"/>
  <File Type="ROUTE-TIMINGSUMMARY" Name="RISC_timing_summary_routed.rpt"/>
  <File Type="ROUTE-TIMING-PB" Name="processor_timing_summary_routed.pb"/>
  <File Type="ROUTE-TIMING-RPX" Name="RISC_timing_summary_routed.rpx"/>
  <File Type="ROUTE-SIMILARITY" Name="RISC_incremental_reuse_routed.rpt"/>
  <File Type="ROUTE-BUS-SKEW" Name="RISC_bus_skew_routed.rpt"/>
  <File Type="ROUTE-BUS-SKEW-PB" Name="RISC_bus_skew_routed.pb"/>
  <File Type="ROUTE-BUS-SKEW-RPX" Name="RISC_bus_skew_routed.rpx"/>
  <File Type="OPT-DCP" Name="processor_opt.dcp"/>
  <File Type="PLACE-DCP" Name="processor_placed.dcp"/>
  <File Type="PWROPT-DCP" Name="processor_pwropt.dcp"/>
  <File Type="POSTPLACE-PWROPT-DCP" Name="processor_postplace_pwropt.dcp"/>
  <File Type="PHYSOPT-DCP" Name="processor_physopt.dcp"/>
  <File Type="POSTROUTE-PHYSOPT-DCP" Name="processor_postroute_physopt.dcp"/>
  <File Type="POSTROUTE-PHYSOPT-BLACKBOX-DCP" Name="processor_postroute_physopt_bb.dcp"/>
  <File Type="POSTROUTE-PHYSOPT-TIMING" Name="RISC_timing_summary_postroute_physopted.rpt"/>
  <File Type="POSTROUTE-PHYSOPT-TIMING-PB" Name="RISC_timing_summary_postroute_physopted.pb"/>
  <File Type="POSTROUTE-PHYSOPT-TIMING-RPX" Name="RISC_timing_summary_postroute_physopted.rpx"/>
  <File Type="POSTROUTE-PHYSOPT-BUS-SKEW" Name="RISC_bus_skew_postroute_physopted.rpt"/>
  <File Type="POSTROUTE-PHYSOPT-BUS-SKEW-RPX" Name="RISC_bus_skew_postroute_physopted.rpx"/>
  <File Type="ROUTE-DRC-RPX" Name="RISC_drc_routed.rpx"/>
  <File Type="ROUTE-METHODOLOGY-DRC-RPX" Name="RISC_methodology_drc_routed.rpx"/>
  <File Type="PDI-FILE" Name="processor.pdi"/>
  <File Type="PL-PDI-FILE" Name="processor_pld.pdi"/>
  <File Type="RCFI_FILE" Name="processor.rcfi"/>
  <File Type="CFI_FILE" Name="processor.cfi"/>
  <File Type="RNPI_FILE" Name="processor.rnpi"/>
  <File Type="ROUTE-RQS" Name="processor_routed.rqs"/>
  <File Type="POSTROUTE-PHYSOPT-RQS" Name="processor_postroute_physopted.rqs"/>
  <File Type="ROUTE-RQS-RPT" Name="route_report_qor_suggestions_0.rpt"/>
  <File Type="POSTROUTE-PHYSOPT-RQS-RPT" Name="postroute_physopt_report_qor_suggestions_0.rpt"/>
  <FileSet Name="sources" Type="DesignSrcs" RelSrcDir="$PSRCDIR/sources_1" RelGenDir="$PGENDIR/sources_1">
    <Filter Type="Srcs"/>
    <File Path="$PSRCDIR/sources_1/imports/new/csr_data_mux_unit.v">
      <FileInfo>
        <Attr Name="ImportPath" Val="$PPRDIR/../Desktop/risc_zip/new/csr_data_mux_unit.v"/>
        <Attr Name="ImportTime" Val="1724843307"/>
        <Attr Name="UsedIn" Val="synthesis"/>
        <Attr Name="UsedIn" Val="implementation"/>
        <Attr Name="UsedIn" Val="simulation"/>
      </FileInfo>
    </File>
    <File Path="$PSRCDIR/sources_1/imports/new/data_wr_mux_unit.v">
      <FileInfo>
        <Attr Name="ImportPath" Val="$PPRDIR/../Desktop/risc_zip/new/data_wr_mux_unit.v"/>
        <Attr Name="ImportTime" Val="1724843307"/>
        <Attr Name="UsedIn" Val="synthesis"/>
        <Attr Name="UsedIn" Val="implementation"/>
        <Attr Name="UsedIn" Val="simulation"/>
      </FileInfo>
    </File>
    <File Path="$PSRCDIR/sources_1/new/machine_c.v">
      <FileInfo>
        <Attr Name="UsedIn" Val="synthesis"/>
        <Attr Name="UsedIn" Val="implementation"/>
        <Attr Name="UsedIn" Val="simulation"/>
      </FileInfo>
    </File>
    <File Path="$PSRCDIR/sources_1/imports/new/machine_counter.v">
      <FileInfo>
        <Attr Name="ImportPath" Val="$PPRDIR/../Desktop/risc_zip/new/machine_counter.v"/>
        <Attr Name="ImportTime" Val="1724843307"/>
        <Attr Name="UsedIn" Val="synthesis"/>
        <Attr Name="UsedIn" Val="implementation"/>
        <Attr Name="UsedIn" Val="simulation"/>
      </FileInfo>
    </File>
    <File Path="$PSRCDIR/sources_1/imports/new/machine_counter_setup.v">
      <FileInfo>
        <Attr Name="ImportPath" Val="$PPRDIR/../Desktop/risc_zip/new/machine_counter_setup.v"/>
        <Attr Name="ImportTime" Val="1724843307"/>
        <Attr Name="UsedIn" Val="synthesis"/>
        <Attr Name="UsedIn" Val="implementation"/>
        <Attr Name="UsedIn" Val="simulation"/>
      </FileInfo>
    </File>
    <File Path="$PSRCDIR/sources_1/imports/new/mcause_reg.v">
      <FileInfo>
        <Attr Name="ImportPath" Val="$PPRDIR/../Desktop/risc_zip/new/mcause_reg.v"/>
        <Attr Name="ImportTime" Val="1724843307"/>
        <Attr Name="UsedIn" Val="synthesis"/>
        <Attr Name="UsedIn" Val="implementation"/>
        <Attr Name="UsedIn" Val="simulation"/>
      </FileInfo>
    </File>
    <File Path="$PSRCDIR/sources_1/imports/new/mepc_and_mscratch_reg.v">
      <FileInfo>
        <Attr Name="ImportPath" Val="$PPRDIR/../Desktop/risc_zip/new/mepc_and_mscratch_reg.v"/>
        <Attr Name="ImportTime" Val="1724843307"/>
        <Attr Name="UsedIn" Val="synthesis"/>
        <Attr Name="UsedIn" Val="implementation"/>
        <Attr Name="UsedIn" Val="simulation"/>
      </FileInfo>
    </File>
    <File Path="$PSRCDIR/sources_1/imports/new/mie_reg.v">
      <FileInfo>
        <Attr Name="ImportPath" Val="$PPRDIR/../Desktop/risc_zip/new/mie_reg.v"/>
        <Attr Name="ImportTime" Val="1724843307"/>
        <Attr Name="UsedIn" Val="synthesis"/>
        <Attr Name="UsedIn" Val="implementation"/>
        <Attr Name="UsedIn" Val="simulation"/>
      </FileInfo>
    </File>
    <File Path="$PSRCDIR/sources_1/imports/new/mip_reg.v">
      <FileInfo>
        <Attr Name="ImportPath" Val="$PPRDIR/../Desktop/risc_zip/new/mip_reg.v"/>
        <Attr Name="ImportTime" Val="1724843307"/>
        <Attr Name="UsedIn" Val="synthesis"/>
        <Attr Name="UsedIn" Val="implementation"/>
        <Attr Name="UsedIn" Val="simulation"/>
      </FileInfo>
    </File>
    <File Path="$PSRCDIR/sources_1/imports/new/misa_and_pre_data.v">
      <FileInfo>
        <Attr Name="ImportPath" Val="$PPRDIR/../Desktop/risc_zip/new/misa_and_pre_data.v"/>
        <Attr Name="ImportTime" Val="1724843307"/>
        <Attr Name="UsedIn" Val="synthesis"/>
        <Attr Name="UsedIn" Val="implementation"/>
        <Attr Name="UsedIn" Val="simulation"/>
      </FileInfo>
    </File>
    <File Path="$PSRCDIR/sources_1/imports/new/msrv32_alu.v">
      <FileInfo>
        <Attr Name="ImportPath" Val="$PPRDIR/../Desktop/risc_zip/new/msrv32_alu.v"/>
        <Attr Name="ImportTime" Val="1724843307"/>
        <Attr Name="UsedIn" Val="synthesis"/>
        <Attr Name="UsedIn" Val="implementation"/>
        <Attr Name="UsedIn" Val="simulation"/>
      </FileInfo>
    </File>
    <File Path="$PSRCDIR/sources_1/imports/new/msrv32_csr__file.v">
      <FileInfo>
        <Attr Name="ImportPath" Val="$PPRDIR/../Desktop/risc_zip/new/msrv32_csr__file.v"/>
        <Attr Name="ImportTime" Val="1724843307"/>
        <Attr Name="UsedIn" Val="synthesis"/>
        <Attr Name="UsedIn" Val="implementation"/>
        <Attr Name="UsedIn" Val="simulation"/>
      </FileInfo>
    </File>
    <File Path="$PSRCDIR/sources_1/imports/new/msrv32_load_unit.v">
      <FileInfo>
        <Attr Name="ImportPath" Val="$PPRDIR/../Desktop/risc_zip/new/msrv32_load_unit.v"/>
        <Attr Name="ImportTime" Val="1724843307"/>
        <Attr Name="UsedIn" Val="synthesis"/>
        <Attr Name="UsedIn" Val="implementation"/>
        <Attr Name="UsedIn" Val="simulation"/>
      </FileInfo>
    </File>
    <File Path="$PSRCDIR/sources_1/imports/new/msrv32_reg_block2.v">
      <FileInfo>
        <Attr Name="ImportPath" Val="$PPRDIR/../Desktop/risc_zip/new/msrv32_reg_block2.v"/>
        <Attr Name="ImportTime" Val="1724843307"/>
        <Attr Name="UsedIn" Val="synthesis"/>
        <Attr Name="UsedIn" Val="implementation"/>
        <Attr Name="UsedIn" Val="simulation"/>
      </FileInfo>
    </File>
    <File Path="$PSRCDIR/sources_1/imports/new/msrv32_store_unit.v">
      <FileInfo>
        <Attr Name="ImportPath" Val="$PPRDIR/../Desktop/risc_zip/new/msrv32_store_unit.v"/>
        <Attr Name="ImportTime" Val="1724843307"/>
        <Attr Name="UsedIn" Val="synthesis"/>
        <Attr Name="UsedIn" Val="implementation"/>
        <Attr Name="UsedIn" Val="simulation"/>
      </FileInfo>
    </File>
    <File Path="$PSRCDIR/sources_1/imports/new/msrv32_wb_mux_sel_unit.v">
      <FileInfo>
        <Attr Name="ImportPath" Val="$PPRDIR/../Desktop/risc_zip/new/msrv32_wb_mux_sel_unit.v"/>
        <Attr Name="ImportTime" Val="1724843307"/>
        <Attr Name="UsedIn" Val="synthesis"/>
        <Attr Name="UsedIn" Val="implementation"/>
        <Attr Name="UsedIn" Val="simulation"/>
      </FileInfo>
    </File>
    <File Path="$PSRCDIR/sources_1/imports/new/mstatus_reg.v">
      <FileInfo>
        <Attr Name="ImportPath" Val="$PPRDIR/../Desktop/risc_zip/new/mstatus_reg.v"/>
        <Attr Name="ImportTime" Val="1724843307"/>
        <Attr Name="UsedIn" Val="synthesis"/>
        <Attr Name="UsedIn" Val="implementation"/>
        <Attr Name="UsedIn" Val="simulation"/>
      </FileInfo>
    </File>
    <File Path="$PSRCDIR/sources_1/imports/new/mtval_reg.v">
      <FileInfo>
        <Attr Name="ImportPath" Val="$PPRDIR/../Desktop/risc_zip/new/mtval_reg.v"/>
        <Attr Name="ImportTime" Val="1724843307"/>
        <Attr Name="UsedIn" Val="synthesis"/>
        <Attr Name="UsedIn" Val="implementation"/>
        <Attr Name="UsedIn" Val="simulation"/>
      </FileInfo>
    </File>
    <File Path="$PSRCDIR/sources_1/imports/new/mtvec_reg.v">
      <FileInfo>
        <Attr Name="ImportPath" Val="$PPRDIR/../Desktop/risc_zip/new/mtvec_reg.v"/>
        <Attr Name="ImportTime" Val="1724843307"/>
        <Attr Name="UsedIn" Val="synthesis"/>
        <Attr Name="UsedIn" Val="implementation"/>
        <Attr Name="UsedIn" Val="simulation"/>
      </FileInfo>
    </File>
    <File Path="$PSRCDIR/sources_1/imports/new/rv32_branch_unit.v">
      <FileInfo>
        <Attr Name="ImportPath" Val="$PPRDIR/../Desktop/risc_zip/new/rv32_branch_unit.v"/>
        <Attr Name="ImportTime" Val="1724843307"/>
        <Attr Name="UsedIn" Val="synthesis"/>
        <Attr Name="UsedIn" Val="implementation"/>
        <Attr Name="UsedIn" Val="simulation"/>
      </FileInfo>
    </File>
    <File Path="$PSRCDIR/sources_1/imports/new/rv32_decoder.v">
      <FileInfo>
        <Attr Name="ImportPath" Val="$PPRDIR/../Desktop/risc_zip/new/rv32_decoder.v"/>
        <Attr Name="ImportTime" Val="1724843307"/>
        <Attr Name="UsedIn" Val="synthesis"/>
        <Attr Name="UsedIn" Val="implementation"/>
        <Attr Name="UsedIn" Val="simulation"/>
      </FileInfo>
    </File>
    <File Path="$PSRCDIR/sources_1/imports/new/rv32_imm_generator.v">
      <FileInfo>
        <Attr Name="ImportPath" Val="$PPRDIR/../Desktop/risc_zip/new/rv32_imm_generator.v"/>
        <Attr Name="ImportTime" Val="1724843307"/>
        <Attr Name="UsedIn" Val="synthesis"/>
        <Attr Name="UsedIn" Val="implementation"/>
        <Attr Name="UsedIn" Val="simulation"/>
      </FileInfo>
    </File>
    <File Path="$PSRCDIR/sources_1/imports/new/rv32_immediate_adder.v">
      <FileInfo>
        <Attr Name="ImportPath" Val="$PPRDIR/../Desktop/risc_zip/new/rv32_immediate_adder.v"/>
        <Attr Name="ImportTime" Val="1724843307"/>
        <Attr Name="UsedIn" Val="synthesis"/>
        <Attr Name="UsedIn" Val="implementation"/>
        <Attr Name="UsedIn" Val="simulation"/>
      </FileInfo>
    </File>
    <File Path="$PSRCDIR/sources_1/imports/new/rv32_instruction_mux.v">
      <FileInfo>
        <Attr Name="ImportPath" Val="$PPRDIR/../Desktop/risc_zip/new/rv32_instruction_mux.v"/>
        <Attr Name="ImportTime" Val="1724843307"/>
        <Attr Name="UsedIn" Val="synthesis"/>
        <Attr Name="UsedIn" Val="implementation"/>
        <Attr Name="UsedIn" Val="simulation"/>
      </FileInfo>
    </File>
    <File Path="$PSRCDIR/sources_1/imports/new/rv32_integer_file.v">
      <FileInfo>
        <Attr Name="ImportPath" Val="$PPRDIR/../Desktop/risc_zip/new/rv32_integer_file.v"/>
        <Attr Name="ImportTime" Val="1724843307"/>
        <Attr Name="UsedIn" Val="synthesis"/>
        <Attr Name="UsedIn" Val="implementation"/>
        <Attr Name="UsedIn" Val="simulation"/>
      </FileInfo>
    </File>
    <File Path="$PSRCDIR/sources_1/imports/new/rv32_reg_block_1.v">
      <FileInfo>
        <Attr Name="ImportPath" Val="$PPRDIR/../Desktop/risc_zip/new/rv32_reg_block_1.v"/>
        <Attr Name="ImportTime" Val="1724843307"/>
        <Attr Name="UsedIn" Val="synthesis"/>
        <Attr Name="UsedIn" Val="implementation"/>
        <Attr Name="UsedIn" Val="simulation"/>
      </FileInfo>
    </File>
    <File Path="$PSRCDIR/sources_1/imports/new/rv32_wr_en_generator.v">
      <FileInfo>
        <Attr Name="ImportPath" Val="$PPRDIR/../Desktop/risc_zip/new/rv32_wr_en_generator.v"/>
        <Attr Name="ImportTime" Val="1724843307"/>
        <Attr Name="UsedIn" Val="synthesis"/>
        <Attr Name="UsedIn" Val="implementation"/>
        <Attr Name="UsedIn" Val="simulation"/>
      </FileInfo>
    </File>
    <File Path="$PSRCDIR/sources_1/imports/new/rv_32pc.v">
      <FileInfo>
        <Attr Name="ImportPath" Val="$PPRDIR/../Desktop/risc_zip/new/rv_32pc.v"/>
        <Attr Name="ImportTime" Val="1724843307"/>
        <Attr Name="UsedIn" Val="synthesis"/>
        <Attr Name="UsedIn" Val="implementation"/>
        <Attr Name="UsedIn" Val="simulation"/>
      </FileInfo>
    </File>
    <File Path="$PSRCDIR/sources_1/imports/new/processor.v">
      <FileInfo>
        <Attr Name="ImportPath" Val="$PPRDIR/../Desktop/risc_zip/new/processor.v"/>
        <Attr Name="ImportTime" Val="1724843307"/>
        <Attr Name="UsedIn" Val="synthesis"/>
        <Attr Name="UsedIn" Val="implementation"/>
        <Attr Name="UsedIn" Val="simulation"/>
      </FileInfo>
    </File>
    <File Path="$PSRCDIR/sources_1/imports/new/msrv32_machine_control.v">
      <FileInfo>
        <Attr Name="AutoDisabled" Val="1"/>
        <Attr Name="ImportPath" Val="$PPRDIR/../Desktop/risc_zip/new/msrv32_machine_control.v"/>
        <Attr Name="ImportTime" Val="1724843307"/>
        <Attr Name="UsedIn" Val="synthesis"/>
        <Attr Name="UsedIn" Val="implementation"/>
        <Attr Name="UsedIn" Val="simulation"/>
      </FileInfo>
    </File>
    <Config>
      <Option Name="DesignMode" Val="RTL"/>
      <Option Name="TopModule" Val="processor"/>
    </Config>
  </FileSet>
  <FileSet Name="constrs_in" Type="Constrs" RelSrcDir="$PSRCDIR/constrs_1" RelGenDir="$PGENDIR/constrs_1">
    <Filter Type="Constrs"/>
    <Config>
      <Option Name="ConstrsType" Val="XDC"/>
    </Config>
  </FileSet>
  <FileSet Name="utils" Type="Utils" RelSrcDir="$PSRCDIR/utils_1" RelGenDir="$PGENDIR/utils_1">
    <Filter Type="Utils"/>
    <File Path="$PSRCDIR/utils_1/imports/synth_1/processor.dcp">
      <FileInfo>
        <Attr Name="UsedIn" Val="synthesis"/>
        <Attr Name="UsedIn" Val="implementation"/>
        <Attr Name="UsedInSteps" Val="synth_1"/>
        <Attr Name="AutoDcp" Val="1"/>
      </FileInfo>
    </File>
    <Config>
      <Option Name="TopAutoSet" Val="TRUE"/>
    </Config>
  </FileSet>
  <Strategy Version="1" Minor="2">
    <StratHandle Name="Vivado Implementation Defaults" Flow="Vivado Implementation 2023"/>
    <Step Id="init_design"/>
    <Step Id="opt_design"/>
    <Step Id="power_opt_design"/>
    <Step Id="place_design"/>
    <Step Id="post_place_power_opt_design"/>
    <Step Id="phys_opt_design"/>
    <Step Id="route_design"/>
    <Step Id="post_route_phys_opt_design"/>
    <Step Id="write_bitstream"/>
    <Step Id="write_device_image"/>
  </Strategy>
</GenRun>
